[
  {
    "nivel": "avanzado",
    "operation": "293, ×, 3, ÷, 3, ×, 6, ÷, 6, ×, 14, ÷, 2, ÷, 7, ×, 19, ×, 6, ×, 250, ÷, 3, ×, 11, ÷, 2, ×, 17, ×, 50, ×, 2",
    "options": [
      {
        "text": "26025725002",
        "isCorrect": false
      },
      {
        "text": "26025725000",
        "isCorrect": true
      },
      {
        "text": "26025725001",
        "isCorrect": false
      }
    ]
  },
  {
    "nivel": "avanzado",
    "operation": "326, ÷, 2, ×, 12, ÷, 2, ×, 250, ÷, 20, ×, 250, ×, 7, ÷, 14, ÷, 3, ×, 75, ÷, 75, ÷, 25, ×, 250, ×, 14, ÷, 5",
    "options": [
      {
        "text": "14262502",
        "isCorrect": false
      },
      {
        "text": "14262500",
        "isCorrect": true
      },
      {
        "text": "14262501",
        "isCorrect": false
      }
    ]
  },
  {
    "nivel": "avanzado",
    "operation": "290, ×, 6, ÷, 5, ×, 40, ÷, 10, ÷, 12, ×, 13, ×, 40, ÷, 16, ×, 13, ÷, 2, ÷, 5, ÷, 13, ÷, 29, ×, 9",
    "options": [
      {
        "text": "119",
        "isCorrect": false
      },
      {
        "text": "117",
        "isCorrect": true
      },
      {
        "text": "118",
        "isCorrect": false
      }
    ]
  },
  {
    "nivel": "avanzado",
    "operation": "727, ×, 18, ÷, 6, ×, 12, ÷, 12, ×, 12, ÷, 12, ×, 200, ÷, 30, ÷, 20, ×, 6, ÷, 2, ×, 13, ÷, 13, ×, 11, ×, 6, ×, 50",
    "options": [
      {
        "text": "7197302",
        "isCorrect": false
      },
      {
        "text": "7197300",
        "isCorrect": true
      },
      {
        "text": "7197301",
        "isCorrect": false
      }
    ]
  },
  {
    "nivel": "avanzado",
    "operation": "90, ÷, 18, ×, 3, ÷, 15, ×, 9, ×, 100, ×, 18, ÷, 36, ×, 40, ÷, 6, ×, 16, ×, 7, ×, 16, ×, 6, ×, 9",
    "options": [
      {
        "text": "290304002",
        "isCorrect": false
      },
      {
        "text": "290304000",
        "isCorrect": true
      },
      {
        "text": "290304001",
        "isCorrect": false
      }
    ]
  },
  {
    "nivel": "avanzado",
    "operation": "345, ×, 2, ×, 11, ÷, 33, ÷, 2, ×, 18, ×, 7, ×, 14, ÷, 60, ÷, 21, ×, 8, ×, 15, ×, 20, ×, 3, ÷, 20",
    "options": [
      {
        "text": "57962",
        "isCorrect": false
      },
      {
        "text": "57960",
        "isCorrect": true
      },
      {
        "text": "57961",
        "isCorrect": false
      }
    ]
  },
  {
    "nivel": "avanzado",
    "operation": "376, ×, 6, ÷, 6, ÷, 47, ×, 11, ×, 9, ×, 10, ×, 17, ×, 250, ×, 7, ÷, 85, ÷, 18, ÷, 16, ×, 3, ×, 125",
    "options": [
      {
        "text": "3609377",
        "isCorrect": false
      },
      {
        "text": "3609375",
        "isCorrect": true
      },
      {
        "text": "3609376",
        "isCorrect": false
      }
    ]
  },
  {
    "nivel": "avanzado",
    "operation": "621, ÷, 23, ÷, 27, ×, 7, ÷, 7, ×, 16, ÷, 8, ÷, 2, ×, 3, ÷, 3, ×, 4, ÷, 4, ×, 8, ÷, 4, ×, 500, ×, 4",
    "options": [
      {
        "text": "4002",
        "isCorrect": false
      },
      {
        "text": "4000",
        "isCorrect": true
      },
      {
        "text": "4001",
        "isCorrect": false
      }
    ]
  },
  {
    "nivel": "avanzado",
    "operation": "562, ÷, 2, ×, 25, ×, 250, ×, 11, ÷, 55, ×, 19, ÷, 50, ÷, 19, ÷, 5, ÷, 5, ×, 14, ÷, 7, ÷, 2, ×, 100, ×, 20",
    "options": [
      {
        "text": "562002",
        "isCorrect": false
      },
      {
        "text": "562000",
        "isCorrect": true
      },
      {
        "text": "562001",
        "isCorrect": false
      }
    ]
  },
  {
    "nivel": "avanzado",
    "operation": "179, ×, 11, ÷, 11, ×, 16, ÷, 4, ÷, 2, ×, 3, ×, 11, ÷, 22, ÷, 3, ×, 15, ÷, 15, ×, 25, ÷, 25, ×, 10, ÷, 10, ×, 14, ÷, 14, ×, 8, ÷, 8",
    "options": [
      {
        "text": "181",
        "isCorrect": false
      },
      {
        "text": "179",
        "isCorrect": true
      },
      {
        "text": "180",
        "isCorrect": false
      }
    ]
  },
  {
    "nivel": "avanzado",
    "operation": "77, ÷, 7, ÷, 11, ×, 2, ÷, 2, ×, 125, ×, 200, ÷, 10, ÷, 4, ÷, 5, ÷, 5, ×, 13, ×, 17, ÷, 5, ÷, 13",
    "options": [
      {
        "text": "87",
        "isCorrect": false
      },
      {
        "text": "85",
        "isCorrect": true
      },
      {
        "text": "86",
        "isCorrect": false
      }
    ]
  },
  {
    "nivel": "avanzado",
    "operation": "92, ÷, 2, ÷, 46, ×, 40, ÷, 5, ÷, 2, ×, 2, ×, 9, ÷, 2, ÷, 9, ×, 250, ÷, 2, ÷, 2, ×, 13, ÷, 25, ÷, 13",
    "options": [
      {
        "text": "12",
        "isCorrect": false
      },
      {
        "text": "10",
        "isCorrect": true
      },
      {
        "text": "11",
        "isCorrect": false
      }
    ]
  },
  {
    "nivel": "avanzado",
    "operation": "587, ×, 6, ÷, 2, ÷, 3, ×, 8, ÷, 4, ÷, 2, ×, 18, ×, 25, ×, 25, ×, 200, ÷, 18, ×, 4, ÷, 10, ×, 7, ÷, 28, ÷, 50",
    "options": [
      {
        "text": "146752",
        "isCorrect": false
      },
      {
        "text": "146750",
        "isCorrect": true
      },
      {
        "text": "146751",
        "isCorrect": false
      }
    ]
  },
  {
    "nivel": "avanzado",
    "operation": "385, ×, 11, ÷, 77, ×, 19, ÷, 11, ×, 15, ÷, 3, ×, 10, ×, 19, ×, 11, ×, 500, ×, 19, ÷, 50, ÷, 25, ÷, 95",
    "options": [
      {
        "text": "79422",
        "isCorrect": false
      },
      {
        "text": "79420",
        "isCorrect": true
      },
      {
        "text": "79421",
        "isCorrect": false
      }
    ]
  },
  {
    "nivel": "avanzado",
    "operation": "633, ÷, 3, ×, 9, ÷, 3, ÷, 3, ×, 13, ÷, 13, ×, 13, ÷, 13, ×, 10, ×, 50, ×, 5, ÷, 25, ×, 4, ×, 11, ×, 18",
    "options": [
      {
        "text": "16711202",
        "isCorrect": false
      },
      {
        "text": "16711200",
        "isCorrect": true
      },
      {
        "text": "16711201",
        "isCorrect": false
      }
    ]
  },
  {
    "nivel": "avanzado",
    "operation": "592, ×, 6, ÷, 16, ÷, 74, ×, 14, ÷, 7, ÷, 6, ×, 50, ÷, 50, ×, 10, ÷, 10, ×, 17, ×, 18, ×, 14, ÷, 21, ÷, 34, ÷, 2",
    "options": [
      {
        "text": "5",
        "isCorrect": false
      },
      {
        "text": "3",
        "isCorrect": true
      },
      {
        "text": "4",
        "isCorrect": false
      }
    ]
  },
  {
    "nivel": "avanzado",
    "operation": "541, ×, 8, ÷, 8, ×, 250, ÷, 10, ×, 11, ×, 250, ÷, 10, ÷, 5, ×, 9, ÷, 5, ×, 10, ×, 500, ÷, 60, ÷, 22, ×, 7",
    "options": [
      {
        "text": "35503127",
        "isCorrect": false
      },
      {
        "text": "35503125",
        "isCorrect": true
      },
      {
        "text": "35503126",
        "isCorrect": false
      }
    ]
  },
  {
    "nivel": "avanzado",
    "operation": "266, ×, 15, ÷, 10, ÷, 21, ×, 2, ×, 10, ×, 2, ×, 125, ÷, 25, ×, 12, ×, 2, ÷, 32, ÷, 75, ÷, 38, ×, 17",
    "options": [
      {
        "text": "19",
        "isCorrect": false
      },
      {
        "text": "17",
        "isCorrect": true
      },
      {
        "text": "18",
        "isCorrect": false
      }
    ]
  },
  {
    "nivel": "avanzado",
    "operation": "152, ÷, 19, ×, 8, ×, 12, ÷, 12, ÷, 4, ÷, 4, ÷, 2, ×, 8, ×, 50, ×, 2, ×, 3, ÷, 50, ×, 40, ×, 20",
    "options": [
      {
        "text": "76802",
        "isCorrect": false
      },
      {
        "text": "76800",
        "isCorrect": true
      },
      {
        "text": "76801",
        "isCorrect": false
      }
    ]
  },
  {
    "nivel": "avanzado",
    "operation": "315, ÷, 45, ×, 12, ÷, 28, ×, 75, ×, 16, ×, 10, ×, 18, ×, 200, ÷, 60, ×, 50, ÷, 36, ÷, 4, ÷, 2, ×, 17",
    "options": [
      {
        "text": "6375002",
        "isCorrect": false
      },
      {
        "text": "6375000",
        "isCorrect": true
      },
      {
        "text": "6375001",
        "isCorrect": false
      }
    ]
  },
  {
    "nivel": "avanzado",
    "operation": "635, ×, 20, ÷, 20, ×, 2, ÷, 5, ×, 13, ×, 100, ÷, 4, ÷, 26, ÷, 25, ×, 7, ×, 20, ÷, 20, ×, 14, ÷, 98",
    "options": [
      {
        "text": "129",
        "isCorrect": false
      },
      {
        "text": "127",
        "isCorrect": true
      },
      {
        "text": "128",
        "isCorrect": false
      }
    ]
  },
  {
    "nivel": "avanzado",
    "operation": "805, ×, 19, ×, 4, ×, 5, ÷, 5, ÷, 7, ÷, 23, ×, 16, ÷, 64, ×, 2, ÷, 38, ×, 7, ×, 9, ×, 6, ÷, 27",
    "options": [
      {
        "text": "72",
        "isCorrect": false
      },
      {
        "text": "70",
        "isCorrect": true
      },
      {
        "text": "71",
        "isCorrect": false
      }
    ]
  },
  {
    "nivel": "avanzado",
    "operation": "965, ÷, 5, ×, 12, ÷, 3, ×, 100, ×, 3, ×, 125, ×, 17, ×, 200, ×, 40, ÷, 50, ÷, 68, ×, 2, ×, 200, ×, 19, ÷, 24",
    "options": [
      {
        "text": "366700000002",
        "isCorrect": false
      },
      {
        "text": "366700000000",
        "isCorrect": true
      },
      {
        "text": "366700000001",
        "isCorrect": false
      }
    ]
  },
  {
    "nivel": "avanzado",
    "operation": "908, ÷, 2, ÷, 2, ×, 11, ÷, 11, ×, 6, ÷, 2, ÷, 3, ×, 18, ÷, 3, ×, 10, ÷, 30, ×, 75, ×, 6, ÷, 36, ×, 75, ×, 9",
    "options": [
      {
        "text": "3830627",
        "isCorrect": false
      },
      {
        "text": "3830625",
        "isCorrect": true
      },
      {
        "text": "3830626",
        "isCorrect": false
      }
    ]
  }
]